date,city,temp_c,rain_mm,holiday,festival,weekend,local_event
2026-01-01,Coimbatore,29.2,0.7,0,0,0,1
2026-01-01,Chennai,31.1,2.1,0,0,0,0
2026-01-01,Madurai,32.6,3.9,0,0,0,1
2026-01-01,Salem,28.3,0,0,0,0,0
2026-01-01,Tiruchirappalli,30.4,0,0,0,0,0
2026-01-01,Erode,30.6,0,0,0,0,0
2026-01-01,Tiruppur,27.9,0,0,0,0,0
2026-01-01,Vellore,29.7,3.2,0,0,0,0
2026-01-01,Thoothukudi,30.8,1.4,0,0,0,0
2026-01-01,Dindigul,28.3,4.7,0,0,0,0
2026-01-02,Coimbatore,27.8,10.5,0,0,0,0
2026-01-02,Chennai,31.9,1.1,0,0,0,0
2026-01-02,Madurai,31.7,0,0,0,0,0
2026-01-02,Salem,32.7,6.1,0,0,0,0
2026-01-02,Tiruchirappalli,31.1,1.6,0,0,0,0
2026-01-02,Erode,28.3,0,0,0,0,0
2026-01-02,Tiruppur,28.5,5.3,0,0,0,0
2026-01-02,Vellore,29.1,1.5,0,0,0,0
2026-01-02,Thoothukudi,30.7,3.2,0,0,0,0
2026-01-02,Dindigul,29.9,4.5,0,0,0,0
2026-01-03,Coimbatore,27.6,0.3,0,0,1,0
2026-01-03,Chennai,30.7,5.5,0,0,1,0
2026-01-03,Madurai,29.2,0,0,1,1,0
2026-01-03,Salem,30.2,2.0,0,0,1,0
2026-01-03,Tiruchirappalli,30.6,0,0,0,1,0
2026-01-03,Erode,31.6,2.2,0,0,1,0
2026-01-03,Tiruppur,25.7,4.1,0,0,1,0
2026-01-03,Vellore,28.8,5.2,0,1,1,0
2026-01-03,Thoothukudi,31.4,2.2,0,0,1,0
2026-01-03,Dindigul,28.1,3.8,0,0,1,0
2026-01-04,Coimbatore,27.7,0,1,0,1,0
2026-01-04,Chennai,33.4,5.9,0,0,1,0
2026-01-04,Madurai,30.0,2.8,0,0,1,0
2026-01-04,Salem,31.0,1.6,0,0,1,0
2026-01-04,Tiruchirappalli,29.3,0.3,0,0,1,0
2026-01-04,Erode,31.4,0.4,0,0,1,0
2026-01-04,Tiruppur,29.2,0.5,0,0,1,0
2026-01-04,Vellore,30.2,0.4,0,0,1,0
2026-01-04,Thoothukudi,31.5,2.4,0,0,1,0
2026-01-04,Dindigul,28.0,0,0,0,1,0
2026-01-05,Coimbatore,28.7,1.4,0,0,0,0
2026-01-05,Chennai,32.2,0.6,0,0,0,1
2026-01-05,Madurai,31.1,2.2,0,0,0,0
2026-01-05,Salem,29.2,5.8,0,0,0,0
2026-01-05,Tiruchirappalli,31.2,0,0,0,0,0
2026-01-05,Erode,31.6,3.1,0,0,0,0
2026-01-05,Tiruppur,32.1,0,0,0,0,0
2026-01-05,Vellore,32.0,1.4,0,0,0,0
2026-01-05,Thoothukudi,31.1,1.1,0,0,0,0
2026-01-05,Dindigul,28.8,0,0,1,0,0
2026-01-06,Coimbatore,29.4,3.2,0,0,0,0
2026-01-06,Chennai,32.6,0,0,0,0,0
2026-01-06,Madurai,30.4,0.2,0,0,0,0
2026-01-06,Salem,30.0,1.8,0,0,0,0
2026-01-06,Tiruchirappalli,32.0,0.3,0,0,0,0
2026-01-06,Erode,29.5,1.9,0,0,0,0
2026-01-06,Tiruppur,30.3,6.7,0,0,0,0
2026-01-06,Vellore,29.7,1.9,0,0,0,0
2026-01-06,Thoothukudi,32.3,1.8,0,0,0,0
2026-01-06,Dindigul,30.4,2.0,0,0,0,0
2026-01-07,Coimbatore,27.9,1.6,0,0,0,0
2026-01-07,Chennai,31.3,0,0,0,0,0
2026-01-07,Madurai,31.7,0,0,0,0,0
2026-01-07,Salem,27.9,4.8,0,0,0,1
2026-01-07,Tiruchirappalli,30.9,0,0,0,0,0
2026-01-07,Erode,30.1,0,0,0,0,0
2026-01-07,Tiruppur,28.3,4.4,0,0,0,0
2026-01-07,Vellore,30.5,1.1,0,0,0,0
2026-01-07,Thoothukudi,33.8,0,0,0,0,0
2026-01-07,Dindigul,29.3,0,0,0,0,0
2026-01-08,Coimbatore,29.5,0.8,0,0,0,0
2026-01-08,Chennai,33.9,0,0,0,0,0
2026-01-08,Madurai,28.9,0,0,0,0,0
2026-01-08,Salem,28.7,1.6,0,0,0,0
2026-01-08,Tiruchirappalli,30.9,1.8,0,0,0,0
2026-01-08,Erode,28.9,1.3,0,0,0,0
2026-01-08,Tiruppur,27.9,4.4,0,0,0,0
2026-01-08,Vellore,32.3,0,0,0,0,0
2026-01-08,Thoothukudi,30.7,2.0,0,0,0,0
2026-01-08,Dindigul,29.7,2.8,0,0,0,0
2026-01-09,Coimbatore,34.0,6.9,0,0,0,0
2026-01-09,Chennai,34.2,0.3,0,0,0,0
2026-01-09,Madurai,31.9,1.6,0,0,0,0
2026-01-09,Salem,28.4,14.4,0,0,0,0
2026-01-09,Tiruchirappalli,28.0,0.1,0,0,0,0
2026-01-09,Erode,30.1,0,0,0,0,0
2026-01-09,Tiruppur,30.9,8.3,0,0,0,0
2026-01-09,Vellore,31.1,0,0,0,0,0
2026-01-09,Thoothukudi,32.2,15.1,0,0,0,0
2026-01-09,Dindigul,31.9,1.7,0,0,0,0
2026-01-10,Coimbatore,28.0,0.8,0,0,1,0
2026-01-10,Chennai,32.0,9.0,0,0,1,0
2026-01-10,Madurai,30.4,0,0,0,1,0
2026-01-10,Salem,30.7,6.5,0,0,1,0
2026-01-10,Tiruchirappalli,33.3,5.2,0,0,1,0
2026-01-10,Erode,29.1,0,0,0,1,1
2026-01-10,Tiruppur,30.1,3.9,0,0,1,0
2026-01-10,Vellore,31.0,0,0,0,1,0
2026-01-10,Thoothukudi,31.7,0,0,0,1,0
2026-01-10,Dindigul,31.5,6.8,0,0,1,1
2026-01-11,Coimbatore,30.9,0,0,0,1,0
2026-01-11,Chennai,33.6,4.6,0,0,1,0
2026-01-11,Madurai,31.3,0,0,0,1,0
2026-01-11,Salem,30.4,1.5,0,0,1,0
2026-01-11,Tiruchirappalli,32.6,0,0,0,1,0
2026-01-11,Erode,31.0,1.3,0,0,1,0
2026-01-11,Tiruppur,29.9,0,0,0,1,0
2026-01-11,Vellore,32.2,0,0,0,1,0
2026-01-11,Thoothukudi,31.3,4.3,0,0,1,0
2026-01-11,Dindigul,30.8,7.6,0,1,1,0
2026-01-12,Coimbatore,30.2,3.3,0,0,0,0
2026-01-12,Chennai,33.8,0,0,0,0,0
2026-01-12,Madurai,31.1,1.4,0,0,0,0
2026-01-12,Salem,28.7,5.9,0,0,0,1
2026-01-12,Tiruchirappalli,30.3,5.5,0,0,0,0
2026-01-12,Erode,29.6,1.9,0,0,0,0
2026-01-12,Tiruppur,31.3,1.2,0,0,0,0
2026-01-12,Vellore,30.8,4.3,0,0,0,0
2026-01-12,Thoothukudi,32.5,0.8,0,0,0,0
2026-01-12,Dindigul,32.1,5.4,0,0,0,0
2026-01-13,Coimbatore,27.9,0,0,0,0,1
2026-01-13,Chennai,34.2,3.4,0,0,0,1
2026-01-13,Madurai,31.1,0,0,0,0,0
2026-01-13,Salem,26.9,9.8,1,0,0,0
2026-01-13,Tiruchirappalli,29.6,0.3,0,0,0,0
2026-01-13,Erode,31.0,7.0,0,0,0,0
2026-01-13,Tiruppur,30.0,0,0,0,0,0
2026-01-13,Vellore,31.9,4.4,0,0,0,0
2026-01-13,Thoothukudi,30.3,0,0,0,0,0
2026-01-13,Dindigul,28.8,7.0,0,0,0,0
2026-01-14,Coimbatore,29.6,7.8,0,0,0,0
2026-01-14,Chennai,32.8,1.1,0,0,0,0
2026-01-14,Madurai,31.6,0,0,0,0,0
2026-01-14,Salem,30.4,1.4,0,0,0,0
2026-01-14,Tiruchirappalli,31.6,0.1,0,0,0,0
2026-01-14,Erode,30.3,1.4,0,0,0,0
2026-01-14,Tiruppur,28.7,14.0,0,0,0,0
2026-01-14,Vellore,31.7,12.9,0,0,0,0
2026-01-14,Thoothukudi,31.2,0.8,0,0,0,0
2026-01-14,Dindigul,31.0,0,0,0,0,0
2026-01-15,Coimbatore,28.5,5.2,0,0,0,0
2026-01-15,Chennai,30.9,2.2,0,0,0,0
2026-01-15,Madurai,33.7,3.0,0,0,0,0
2026-01-15,Salem,31.0,0,0,0,0,0
2026-01-15,Tiruchirappalli,33.1,0.9,0,0,0,0
2026-01-15,Erode,29.9,7.0,0,0,0,0
2026-01-15,Tiruppur,29.6,6.3,0,0,0,0
2026-01-15,Vellore,31.1,0.9,0,0,0,0
2026-01-15,Thoothukudi,32.3,1.2,0,0,0,0
2026-01-15,Dindigul,29.4,0,0,0,0,0
2026-01-16,Coimbatore,29.5,2.8,0,0,0,0
2026-01-16,Chennai,34.7,8.2,0,0,0,0
2026-01-16,Madurai,31.7,0,0,0,0,0
2026-01-16,Salem,30.0,8.3,0,0,0,0
2026-01-16,Tiruchirappalli,33.5,9.7,0,0,0,0
2026-01-16,Erode,29.0,0.4,0,0,0,0
2026-01-16,Tiruppur,30.7,7.1,0,0,0,0
2026-01-16,Vellore,30.8,0.3,1,0,0,0
2026-01-16,Thoothukudi,33.7,0,0,0,0,0
2026-01-16,Dindigul,31.0,0.7,0,0,0,0
2026-01-17,Coimbatore,31.3,1.3,0,0,1,0
2026-01-17,Chennai,34.6,2.1,0,0,1,0
2026-01-17,Madurai,29.2,0.9,0,1,1,0
2026-01-17,Salem,29.9,2.4,0,0,1,0
2026-01-17,Tiruchirappalli,29.2,3.5,0,0,1,0
2026-01-17,Erode,28.9,2.7,0,0,1,0
2026-01-17,Tiruppur,29.8,4.8,0,0,1,0
2026-01-17,Vellore,30.8,0,0,0,1,0
2026-01-17,Thoothukudi,31.7,0,0,0,1,0
2026-01-17,Dindigul,28.0,0.6,0,0,1,0
2026-01-18,Coimbatore,32.0,1.2,0,0,1,0
2026-01-18,Chennai,34.1,6.1,0,0,1,0
2026-01-18,Madurai,31.3,0.5,0,0,1,0
2026-01-18,Salem,29.0,3.1,0,0,1,0
2026-01-18,Tiruchirappalli,30.6,0,0,0,1,0
2026-01-18,Erode,27.6,3.1,0,0,1,1
2026-01-18,Tiruppur,30.3,0,0,0,1,0
2026-01-18,Vellore,31.5,0,1,0,1,0
2026-01-18,Thoothukudi,32.7,0.6,0,0,1,0
2026-01-18,Dindigul,29.9,0,0,0,1,0
2026-01-19,Coimbatore,28.1,1.8,0,0,0,0
2026-01-19,Chennai,34.6,1.1,0,0,0,0
2026-01-19,Madurai,33.4,15.0,0,0,0,0
2026-01-19,Salem,31.3,0,0,0,0,0
2026-01-19,Tiruchirappalli,30.7,7.3,0,0,0,0
2026-01-19,Erode,28.8,0,0,0,0,0
2026-01-19,Tiruppur,30.7,0,0,0,0,0
2026-01-19,Vellore,30.7,0,0,0,0,0
2026-01-19,Thoothukudi,31.3,3.5,1,0,0,0
2026-01-19,Dindigul,30.5,0.9,0,0,0,0
2026-01-20,Coimbatore,28.8,3.8,0,0,0,0
2026-01-20,Chennai,34.2,1.7,0,0,0,0
2026-01-20,Madurai,29.3,2.9,0,0,0,0
2026-01-20,Salem,29.3,0,0,0,0,1
2026-01-20,Tiruchirappalli,28.9,1.2,0,0,0,0
2026-01-20,Erode,28.5,4.0,0,0,0,0
2026-01-20,Tiruppur,29.9,0,0,0,0,0
2026-01-20,Vellore,31.3,0.1,0,0,0,0
2026-01-20,Thoothukudi,33.8,0,0,0,0,0
2026-01-20,Dindigul,31.5,3.9,0,0,0,0
2026-01-21,Coimbatore,26.3,0,0,0,0,0
2026-01-21,Chennai,33.8,1.4,0,0,0,0
2026-01-21,Madurai,31.7,0.7,0,0,0,0
2026-01-21,Salem,29.9,1.4,0,0,0,0
2026-01-21,Tiruchirappalli,30.4,0.1,0,0,0,0
2026-01-21,Erode,31.3,5.2,0,0,0,0
2026-01-21,Tiruppur,31.2,0.3,0,1,0,0
2026-01-21,Vellore,31.2,6.7,0,0,0,0
2026-01-21,Thoothukudi,30.1,0.2,0,0,0,0
2026-01-21,Dindigul,28.0,1.1,0,0,0,0
2026-01-22,Coimbatore,30.7,0,0,0,0,0
2026-01-22,Chennai,34.0,0,0,0,0,0
2026-01-22,Madurai,33.1,2.8,0,0,0,0
2026-01-22,Salem,31.7,1.6,0,0,0,0
2026-01-22,Tiruchirappalli,31.4,0,0,0,0,0
2026-01-22,Erode,29.5,1.3,0,0,0,0
2026-01-22,Tiruppur,29.5,0.2,0,0,0,0
2026-01-22,Vellore,32.7,0.4,0,0,0,0
2026-01-22,Thoothukudi,31.3,0.1,0,0,0,0
2026-01-22,Dindigul,29.4,4.4,0,0,0,0
2026-01-23,Coimbatore,31.4,0,0,0,0,0
2026-01-23,Chennai,34.0,0,0,0,0,0
2026-01-23,Madurai,33.6,1.6,0,0,0,0
2026-01-23,Salem,33.6,1.4,0,0,0,0
2026-01-23,Tiruchirappalli,32.1,1.8,0,0,0,0
2026-01-23,Erode,31.2,10.7,1,0,0,0
2026-01-23,Tiruppur,31.9,1.6,0,0,0,0
2026-01-23,Vellore,31.8,0,0,0,0,0
2026-01-23,Thoothukudi,32.5,16.6,0,0,0,0
2026-01-23,Dindigul,30.8,0.7,0,0,0,0
2026-01-24,Coimbatore,29.1,4.3,0,0,1,0
2026-01-24,Chennai,30.7,0,0,0,1,0
2026-01-24,Madurai,30.0,0,0,0,1,0
2026-01-24,Salem,29.9,0.5,0,0,1,0
2026-01-24,Tiruchirappalli,30.8,4.1,0,0,1,0
2026-01-24,Erode,30.5,10.4,0,0,1,0
2026-01-24,Tiruppur,31.7,0,0,0,1,0
2026-01-24,Vellore,32.4,0.4,0,0,1,0
2026-01-24,Thoothukudi,31.3,1.1,0,0,1,0
2026-01-24,Dindigul,30.4,1.1,0,0,1,0
2026-01-25,Coimbatore,29.7,0.8,0,0,1,0
2026-01-25,Chennai,34.0,1.0,0,0,1,0
2026-01-25,Madurai,31.0,7.2,0,0,1,0
2026-01-25,Salem,26.8,6.4,0,0,1,0
2026-01-25,Tiruchirappalli,28.6,2.0,0,0,1,0
2026-01-25,Erode,30.4,0,0,0,1,0
2026-01-25,Tiruppur,29.2,0.2,0,0,1,0
2026-01-25,Vellore,31.7,4.7,0,0,1,0
2026-01-25,Thoothukudi,34.4,0,0,0,1,0
2026-01-25,Dindigul,29.3,0,0,0,1,0
2026-01-26,Coimbatore,30.4,0.2,0,0,0,0
2026-01-26,Chennai,33.5,3.6,0,0,0,0
2026-01-26,Madurai,32.4,8.9,0,0,0,0
2026-01-26,Salem,29.0,3.1,0,0,0,0
2026-01-26,Tiruchirappalli,30.9,9.8,0,0,0,0
2026-01-26,Erode,29.2,0,0,0,0,0
2026-01-26,Tiruppur,28.3,3.2,0,0,0,0
2026-01-26,Vellore,33.4,0,0,0,0,0
2026-01-26,Thoothukudi,33.1,0.8,0,0,0,0
2026-01-26,Dindigul,31.6,1.0,0,0,0,0
2026-01-27,Coimbatore,29.4,0.9,0,0,0,1
2026-01-27,Chennai,36.6,3.5,0,0,0,0
2026-01-27,Madurai,32.1,0.6,0,0,0,0
2026-01-27,Salem,28.7,1.4,0,0,0,0
2026-01-27,Tiruchirappalli,31.6,0,0,0,0,1
2026-01-27,Erode,33.5,3.7,0,0,0,0
2026-01-27,Tiruppur,30.7,4.9,0,0,0,0
2026-01-27,Vellore,30.5,2.8,0,0,0,0
2026-01-27,Thoothukudi,30.5,0,0,0,0,0
2026-01-27,Dindigul,29.9,1.7,0,0,0,0
2026-01-28,Coimbatore,29.1,0,0,0,0,0
2026-01-28,Chennai,35.6,0,1,0,0,0
2026-01-28,Madurai,30.7,17.6,0,0,0,0
2026-01-28,Salem,30.5,1.6,0,0,0,0
2026-01-28,Tiruchirappalli,30.6,1.5,0,0,0,0
2026-01-28,Erode,28.7,4.9,0,0,0,0
2026-01-28,Tiruppur,30.3,9.8,0,0,0,0
2026-01-28,Vellore,29.9,0.1,0,0,0,0
2026-01-28,Thoothukudi,33.7,4.9,0,0,0,0
2026-01-28,Dindigul,28.1,5.8,0,0,0,0
2026-01-29,Coimbatore,29.8,3.2,0,0,0,0
2026-01-29,Chennai,35.3,1.4,0,0,0,0
2026-01-29,Madurai,32.7,5.4,0,0,0,0
2026-01-29,Salem,29.8,3.3,0,0,0,0
2026-01-29,Tiruchirappalli,32.0,1.7,0,0,0,0
2026-01-29,Erode,32.0,1.5,0,0,0,0
2026-01-29,Tiruppur,29.0,5.3,0,0,0,0
2026-01-29,Vellore,33.4,0.9,0,0,0,0
2026-01-29,Thoothukudi,34.2,0,0,0,0,0
2026-01-29,Dindigul,28.6,2.8,0,0,0,0
2026-01-30,Coimbatore,30.3,0,1,0,0,0
2026-01-30,Chennai,33.6,1.5,0,0,0,0
2026-01-30,Madurai,33.9,1.7,0,0,0,0
2026-01-30,Salem,31.6,2.0,0,0,0,0
2026-01-30,Tiruchirappalli,31.6,5.4,0,0,0,0
2026-01-30,Erode,32.6,0,0,0,0,0
2026-01-30,Tiruppur,33.5,0.2,0,0,0,0
2026-01-30,Vellore,29.8,0,0,0,0,0
2026-01-30,Thoothukudi,32.4,0.4,0,0,0,0
2026-01-30,Dindigul,29.2,0,1,0,0,0
2026-01-31,Coimbatore,30.0,1.8,0,0,1,0
2026-01-31,Chennai,32.6,3.5,0,0,1,0
2026-01-31,Madurai,33.3,0.5,0,0,1,0
2026-01-31,Salem,33.5,0,0,0,1,0
2026-01-31,Tiruchirappalli,31.7,2.7,0,0,1,0
2026-01-31,Erode,29.0,1.3,0,0,1,0
2026-01-31,Tiruppur,29.7,0,0,0,1,0
2026-01-31,Vellore,31.4,0.7,0,0,1,0
2026-01-31,Thoothukudi,34.9,0,1,0,1,0
2026-01-31,Dindigul,31.0,0.2,0,0,1,0
2026-02-01,Coimbatore,30.3,0,0,0,1,0
2026-02-01,Chennai,33.0,1.6,0,0,1,0
2026-02-01,Madurai,31.3,0.2,0,0,1,0
2026-02-01,Salem,31.3,5.5,0,0,1,0
2026-02-01,Tiruchirappalli,31.3,0,0,0,1,0
2026-02-01,Erode,32.2,0,0,0,1,0
2026-02-01,Tiruppur,29.9,1.8,0,0,1,0
2026-02-01,Vellore,27.5,0,0,0,1,0
2026-02-01,Thoothukudi,32.4,5.2,0,0,1,0
2026-02-01,Dindigul,28.4,2.6,0,0,1,1
2026-02-02,Coimbatore,30.9,5.6,0,0,0,0
2026-02-02,Chennai,34.6,3.7,0,0,0,0
2026-02-02,Madurai,33.5,5.9,0,0,0,0
2026-02-02,Salem,29.8,2.7,0,0,0,0
2026-02-02,Tiruchirappalli,31.4,1.5,0,0,0,0
2026-02-02,Erode,30.2,2.7,0,0,0,0
2026-02-02,Tiruppur,30.7,6.6,0,0,0,0
2026-02-02,Vellore,33.2,0,0,0,0,0
2026-02-02,Thoothukudi,34.1,7.9,0,0,0,0
2026-02-02,Dindigul,30.9,1.9,0,0,0,0
2026-02-03,Coimbatore,32.2,6.1,0,0,0,0
2026-02-03,Chennai,32.3,0,0,0,0,0
2026-02-03,Madurai,32.4,0.2,0,0,0,0
2026-02-03,Salem,30.9,6.1,0,0,0,0
2026-02-03,Tiruchirappalli,29.7,2.3,1,0,0,0
2026-02-03,Erode,30.5,8.4,0,0,0,0
2026-02-03,Tiruppur,30.6,0.1,0,0,0,0
2026-02-03,Vellore,30.6,0.6,0,0,0,0
2026-02-03,Thoothukudi,31.8,3.6,0,0,0,0
2026-02-03,Dindigul,32.1,6.7,0,0,0,0
2026-02-04,Coimbatore,31.0,0.8,0,0,0,0
2026-02-04,Chennai,32.6,9.0,0,0,0,1
2026-02-04,Madurai,32.1,1.8,0,1,0,0
2026-02-04,Salem,29.8,0,0,0,0,0
2026-02-04,Tiruchirappalli,30.1,7.6,0,0,0,0
2026-02-04,Erode,31.9,1.0,0,0,0,0
2026-02-04,Tiruppur,31.1,2.6,0,0,0,0
2026-02-04,Vellore,32.8,3.2,0,0,0,0
2026-02-04,Thoothukudi,33.5,3.6,0,0,0,0
2026-02-04,Dindigul,29.4,1.0,0,0,0,0
2026-02-05,Coimbatore,29.4,10.1,0,0,0,0
2026-02-05,Chennai,33.3,1.1,0,0,0,0
2026-02-05,Madurai,33.3,0,0,0,0,0
2026-02-05,Salem,30.4,1.0,0,0,0,0
2026-02-05,Tiruchirappalli,31.2,5.1,0,0,0,1
2026-02-05,Erode,29.8,0,0,0,0,0
2026-02-05,Tiruppur,30.7,15.2,0,0,0,1
2026-02-05,Vellore,32.2,0.5,0,0,0,0
2026-02-05,Thoothukudi,33.3,0,0,0,0,0
2026-02-05,Dindigul,30.8,0,0,0,0,0
2026-02-06,Coimbatore,29.9,5.0,0,0,0,0
2026-02-06,Chennai,35.1,7.3,0,0,0,0
2026-02-06,Madurai,33.5,10.2,0,0,0,0
2026-02-06,Salem,31.2,4.5,0,0,0,0
2026-02-06,Tiruchirappalli,32.6,1.4,0,0,0,0
2026-02-06,Erode,32.5,12.3,0,0,0,0
2026-02-06,Tiruppur,29.9,0.2,0,0,0,0
2026-02-06,Vellore,32.6,0,0,0,0,0
2026-02-06,Thoothukudi,32.7,0,0,0,0,0
2026-02-06,Dindigul,30.1,1.0,0,0,0,0
2026-02-07,Coimbatore,33.1,3.8,0,1,1,1
2026-02-07,Chennai,32.9,3.0,0,0,1,0
2026-02-07,Madurai,32.0,4.7,0,0,1,0
2026-02-07,Salem,32.0,0,0,0,1,0
2026-02-07,Tiruchirappalli,32.1,5.3,0,0,1,1
2026-02-07,Erode,31.2,9.9,0,0,1,0
2026-02-07,Tiruppur,30.6,4.4,0,0,1,0
2026-02-07,Vellore,33.4,1.6,0,0,1,0
2026-02-07,Thoothukudi,35.2,7.2,0,0,1,0
2026-02-07,Dindigul,31.3,0,0,0,1,0
2026-02-08,Coimbatore,29.7,0,0,0,1,0
2026-02-08,Chennai,34.8,0.4,0,0,1,0
2026-02-08,Madurai,33.1,0.2,0,0,1,0
2026-02-08,Salem,28.0,1.8,0,0,1,0
2026-02-08,Tiruchirappalli,31.4,0,0,0,1,0
2026-02-08,Erode,32.4,0,0,0,1,0
2026-02-08,Tiruppur,30.3,2.2,0,0,1,0
2026-02-08,Vellore,30.3,0.4,0,0,1,0
2026-02-08,Thoothukudi,33.5,0,0,0,1,0
2026-02-08,Dindigul,30.5,6.3,0,0,1,0
2026-02-09,Coimbatore,32.4,4.3,0,0,0,0
2026-02-09,Chennai,35.5,6.2,0,0,0,0
2026-02-09,Madurai,32.9,2.5,0,0,0,0
2026-02-09,Salem,30.5,2.3,0,0,0,0
2026-02-09,Tiruchirappalli,31.8,1.0,0,0,0,0
2026-02-09,Erode,31.2,0,0,0,0,0
2026-02-09,Tiruppur,31.0,0,0,0,0,0
2026-02-09,Vellore,32.6,2.6,1,0,0,0
2026-02-09,Thoothukudi,34.7,12.4,0,0,0,0
2026-02-09,Dindigul,30.7,0,0,0,0,0
2026-02-10,Coimbatore,31.3,0,0,0,0,0
2026-02-10,Chennai,36.9,2.9,0,0,0,0
2026-02-10,Madurai,31.3,1.5,0,0,0,0
2026-02-10,Salem,31.4,4.8,0,0,0,0
2026-02-10,Tiruchirappalli,32.3,5.6,0,0,0,0
2026-02-10,Erode,33.0,0,0,0,0,0
2026-02-10,Tiruppur,33.1,2.0,0,0,0,0
2026-02-10,Vellore,31.5,5.0,0,0,0,0
2026-02-10,Thoothukudi,33.1,8.7,0,0,0,0
2026-02-10,Dindigul,31.5,0,0,0,0,1
2026-02-11,Coimbatore,29.3,3.2,0,0,0,0
2026-02-11,Chennai,35.4,6.6,0,0,0,0
2026-02-11,Madurai,32.1,0.6,0,0,0,0
2026-02-11,Salem,31.0,0,0,0,0,0
2026-02-11,Tiruchirappalli,29.8,0,0,0,0,0
2026-02-11,Erode,28.7,0,0,0,0,0
2026-02-11,Tiruppur,30.2,8.9,0,0,0,0
2026-02-11,Vellore,33.8,0,0,1,0,0
2026-02-11,Thoothukudi,32.9,1.0,0,0,0,0
2026-02-11,Dindigul,29.2,0,0,0,0,1
2026-02-12,Coimbatore,33.6,3.7,0,0,0,0
2026-02-12,Chennai,35.3,4.3,0,0,0,0
2026-02-12,Madurai,32.2,2.4,0,0,0,0
2026-02-12,Salem,30.0,0.4,0,0,0,0
2026-02-12,Tiruchirappalli,30.9,0,0,0,0,0
2026-02-12,Erode,31.8,7.2,0,0,0,0
2026-02-12,Tiruppur,33.0,3.9,0,0,0,0
2026-02-12,Vellore,31.2,0.5,0,0,0,0
2026-02-12,Thoothukudi,32.3,3.0,0,0,0,0
2026-02-12,Dindigul,30.2,2.1,0,0,0,0
2026-02-13,Coimbatore,32.4,0.9,0,0,0,0
2026-02-13,Chennai,34.7,0.1,0,0,0,0
2026-02-13,Madurai,34.1,2.3,0,0,0,0
2026-02-13,Salem,30.1,0,0,1,0,0
2026-02-13,Tiruchirappalli,33.6,0.3,0,0,0,0
2026-02-13,Erode,29.9,0,0,0,0,0
2026-02-13,Tiruppur,32.1,0,0,0,0,1
2026-02-13,Vellore,31.7,2.0,0,0,0,0
2026-02-13,Thoothukudi,36.5,0,0,0,0,0
2026-02-13,Dindigul,31.9,2.4,0,0,0,0
2026-02-14,Coimbatore,32.2,8.8,0,0,1,0
2026-02-14,Chennai,33.9,0,0,0,1,0
2026-02-14,Madurai,33.0,1.1,0,0,1,0
2026-02-14,Salem,30.1,8.9,0,0,1,0
2026-02-14,Tiruchirappalli,33.4,3.0,0,0,1,0
2026-02-14,Erode,33.7,0,0,0,1,0
2026-02-14,Tiruppur,30.2,1.2,0,0,1,0
2026-02-14,Vellore,31.6,0,0,0,1,0
2026-02-14,Thoothukudi,34.5,2.1,0,0,1,0
2026-02-14,Dindigul,32.2,0,0,0,1,0
2026-02-15,Coimbatore,29.0,9.1,0,0,1,0
2026-02-15,Chennai,35.2,1.4,0,0,1,0
2026-02-15,Madurai,31.7,2.9,0,0,1,0
2026-02-15,Salem,29.9,0,0,0,1,0
2026-02-15,Tiruchirappalli,32.2,0,0,0,1,0
2026-02-15,Erode,33.2,0,0,1,1,0
2026-02-15,Tiruppur,29.3,6.2,0,0,1,0
2026-02-15,Vellore,32.8,0,0,0,1,0
2026-02-15,Thoothukudi,33.9,1.5,0,0,1,0
2026-02-15,Dindigul,30.9,0,0,0,1,0
2026-02-16,Coimbatore,29.5,0,0,0,0,0
2026-02-16,Chennai,35.3,13.0,0,0,0,0
2026-02-16,Madurai,31.2,1.1,0,0,0,0
2026-02-16,Salem,32.3,0.2,0,0,0,0
2026-02-16,Tiruchirappalli,32.8,1.3,0,0,0,0
2026-02-16,Erode,31.5,3.0,0,0,0,0
2026-02-16,Tiruppur,32.0,0.6,0,0,0,0
2026-02-16,Vellore,31.7,0,0,0,0,0
2026-02-16,Thoothukudi,35.4,5.5,0,0,0,0
2026-02-16,Dindigul,31.8,15.8,0,0,0,0
2026-02-17,Coimbatore,30.3,1.1,0,0,0,0
2026-02-17,Chennai,33.0,0.2,0,0,0,0
2026-02-17,Madurai,31.4,1.3,0,0,0,1
2026-02-17,Salem,31.9,0,0,0,0,0
2026-02-17,Tiruchirappalli,31.4,0,0,0,0,0
2026-02-17,Erode,31.5,2.9,0,0,0,0
2026-02-17,Tiruppur,29.5,0.5,0,0,0,0
2026-02-17,Vellore,34.6,0,0,0,0,0
2026-02-17,Thoothukudi,33.2,0,0,0,0,0
2026-02-17,Dindigul,30.8,1.1,0,0,0,0
2026-02-18,Coimbatore,29.8,2.5,0,0,0,0
2026-02-18,Chennai,36.3,2.8,0,0,0,0
2026-02-18,Madurai,35.7,0,0,0,0,0
2026-02-18,Salem,30.9,6.1,0,0,0,0
2026-02-18,Tiruchirappalli,31.8,0,0,0,0,0
2026-02-18,Erode,28.4,4.3,0,0,0,1
2026-02-18,Tiruppur,30.2,0,0,0,0,0
2026-02-18,Vellore,33.0,0,0,0,0,0
2026-02-18,Thoothukudi,33.7,6.1,0,0,0,0
2026-02-18,Dindigul,31.0,0,0,1,0,0
2026-02-19,Coimbatore,30.7,0.6,0,0,0,0
2026-02-19,Chennai,37.0,0,0,0,0,0
2026-02-19,Madurai,29.8,0,0,0,0,0
2026-02-19,Salem,32.6,0,0,0,0,0
2026-02-19,Tiruchirappalli,31.7,13.0,0,0,0,0
2026-02-19,Erode,31.0,2.0,0,0,0,0
2026-02-19,Tiruppur,32.3,1.2,0,0,0,0
2026-02-19,Vellore,31.8,1.4,0,0,0,0
2026-02-19,Thoothukudi,36.0,0.2,0,0,0,0
2026-02-19,Dindigul,31.5,0,0,0,0,0
2026-02-20,Coimbatore,32.5,6.1,0,0,0,0
2026-02-20,Chennai,34.0,0,0,0,0,0
2026-02-20,Madurai,32.2,6.0,0,0,0,1
2026-02-20,Salem,32.2,3.2,0,0,0,0
2026-02-20,Tiruchirappalli,34.0,0.3,0,1,0,0
2026-02-20,Erode,31.5,3.3,0,0,0,1
2026-02-20,Tiruppur,32.9,0,0,0,0,0
2026-02-20,Vellore,34.0,7.7,1,0,0,0
2026-02-20,Thoothukudi,36.1,2.9,0,0,0,0
2026-02-20,Dindigul,32.7,3.0,0,0,0,0
2026-02-21,Coimbatore,30.6,0,0,0,1,0
2026-02-21,Chennai,32.3,3.1,0,0,1,0
2026-02-21,Madurai,33.0,0.5,0,0,1,0
2026-02-21,Salem,31.0,0,0,0,1,0
2026-02-21,Tiruchirappalli,33.5,0.7,0,0,1,0
2026-02-21,Erode,32.2,6.2,0,0,1,0
2026-02-21,Tiruppur,31.2,3.4,0,1,1,1
2026-02-21,Vellore,34.4,2.1,0,0,1,0
2026-02-21,Thoothukudi,33.9,2.4,0,0,1,0
2026-02-21,Dindigul,30.5,1.2,0,0,1,0
2026-02-22,Coimbatore,28.9,2.1,0,0,1,0
2026-02-22,Chennai,37.1,0,0,0,1,0
2026-02-22,Madurai,33.0,3.8,0,0,1,0
2026-02-22,Salem,31.9,0,0,0,1,0
2026-02-22,Tiruchirappalli,33.0,0.6,0,0,1,0
2026-02-22,Erode,30.8,1.9,0,0,1,0
2026-02-22,Tiruppur,29.6,0,0,0,1,0
2026-02-22,Vellore,33.5,2.0,0,0,1,1
2026-02-22,Thoothukudi,35.8,0,0,0,1,0
2026-02-22,Dindigul,32.2,0,0,0,1,0
2026-02-23,Coimbatore,29.5,3.7,0,0,0,0
2026-02-23,Chennai,34.4,0,0,0,0,0
2026-02-23,Madurai,30.2,1.8,0,0,0,0
2026-02-23,Salem,32.6,9.2,0,0,0,0
2026-02-23,Tiruchirappalli,31.4,0,0,0,0,0
2026-02-23,Erode,33.5,1.6,0,0,0,0
2026-02-23,Tiruppur,30.3,0,0,1,0,1
2026-02-23,Vellore,33.1,10.5,0,0,0,0
2026-02-23,Thoothukudi,36.4,5.1,0,0,0,0
2026-02-23,Dindigul,32.2,1.1,0,0,0,0
2026-02-24,Coimbatore,32.6,0.7,0,0,0,0
2026-02-24,Chennai,34.3,4.7,0,0,0,0
2026-02-24,Madurai,33.8,0,0,0,0,0
2026-02-24,Salem,31.2,0,0,0,0,0
2026-02-24,Tiruchirappalli,32.3,3.3,0,0,0,0
2026-02-24,Erode,30.6,10.5,0,0,0,0
2026-02-24,Tiruppur,31.0,1.9,0,0,0,0
2026-02-24,Vellore,32.5,5.5,0,0,0,0
2026-02-24,Thoothukudi,32.3,2.2,0,0,0,0
2026-02-24,Dindigul,31.6,0,0,0,0,0
2026-02-25,Coimbatore,32.3,0.6,0,0,0,0
2026-02-25,Chennai,35.6,0,0,0,0,1
2026-02-25,Madurai,31.5,1.0,0,0,0,0
2026-02-25,Salem,31.4,9.9,1,0,0,0
2026-02-25,Tiruchirappalli,33.6,3.9,0,0,0,0
2026-02-25,Erode,30.7,2.0,0,0,0,0
2026-02-25,Tiruppur,31.9,1.5,0,0,0,0
2026-02-25,Vellore,32.8,0.6,0,0,0,0
2026-02-25,Thoothukudi,34.4,0.5,0,0,0,0
2026-02-25,Dindigul,32.7,0,0,0,0,0
2026-02-26,Coimbatore,30.3,1.1,0,0,0,0
2026-02-26,Chennai,31.8,4.4,0,0,0,0
2026-02-26,Madurai,33.3,1.4,0,0,0,0
2026-02-26,Salem,29.5,0,0,0,0,0
2026-02-26,Tiruchirappalli,31.0,3.0,0,0,0,0
2026-02-26,Erode,32.6,1.0,0,0,0,0
2026-02-26,Tiruppur,30.4,0.3,0,0,0,0
2026-02-26,Vellore,32.0,0,0,0,0,0
2026-02-26,Thoothukudi,35.3,17.9,0,0,0,0
2026-02-26,Dindigul,32.1,3.6,0,0,0,0
2026-02-27,Coimbatore,31.5,10.2,0,0,0,0
2026-02-27,Chennai,33.6,2.5,0,0,0,0
2026-02-27,Madurai,34.2,9.8,0,0,0,0
2026-02-27,Salem,30.2,1.2,0,0,0,0
2026-02-27,Tiruchirappalli,31.6,0,0,0,0,0
2026-02-27,Erode,31.9,0,0,0,0,0
2026-02-27,Tiruppur,30.5,5.9,0,0,0,0
2026-02-27,Vellore,32.0,2.1,0,0,0,0
2026-02-27,Thoothukudi,33.7,0.2,0,0,0,0
2026-02-27,Dindigul,32.2,4.4,0,0,0,0
2026-02-28,Coimbatore,30.9,0,0,0,1,0
2026-02-28,Chennai,35.0,0.1,0,0,1,0
2026-02-28,Madurai,34.5,1.7,0,0,1,0
2026-02-28,Salem,33.1,2.9,0,0,1,0
2026-02-28,Tiruchirappalli,32.6,4.3,0,0,1,0
2026-02-28,Erode,33.3,3.4,0,0,1,0
2026-02-28,Tiruppur,31.1,0.1,0,1,1,0
2026-02-28,Vellore,33.4,3.9,0,0,1,0
2026-02-28,Thoothukudi,36.7,0,0,0,1,0
2026-02-28,Dindigul,31.8,1.8,0,0,1,0
2026-03-01,Coimbatore,31.0,2.6,0,0,1,0
2026-03-01,Chennai,36.6,7.5,0,0,1,0
2026-03-01,Madurai,32.8,4.9,0,0,1,0
2026-03-01,Salem,31.6,0.4,0,0,1,0
2026-03-01,Tiruchirappalli,33.3,2.1,0,0,1,0
2026-03-01,Erode,31.0,3.1,0,0,1,0
2026-03-01,Tiruppur,31.8,6.8,0,0,1,0
2026-03-01,Vellore,32.7,0,0,0,1,0
2026-03-01,Thoothukudi,33.3,0,0,0,1,0
2026-03-01,Dindigul,32.9,4.2,0,0,1,0
2026-03-02,Coimbatore,31.8,0,1,0,0,0
2026-03-02,Chennai,34.6,8.7,0,0,0,0
2026-03-02,Madurai,32.7,0,0,0,0,0
2026-03-02,Salem,33.2,2.4,0,0,0,0
2026-03-02,Tiruchirappalli,32.6,2.3,0,0,0,0
2026-03-02,Erode,31.1,0,0,0,0,0
2026-03-02,Tiruppur,31.9,0.1,0,0,0,0
2026-03-02,Vellore,33.8,4.4,0,0,0,0
2026-03-02,Thoothukudi,32.4,0,0,0,0,0
2026-03-02,Dindigul,31.8,2.8,0,0,0,0
2026-03-03,Coimbatore,31.4,3.7,0,0,0,0
2026-03-03,Chennai,36.0,2.4,0,0,0,0
2026-03-03,Madurai,32.8,0,0,0,0,0
2026-03-03,Salem,31.8,5.6,0,0,0,0
2026-03-03,Tiruchirappalli,32.5,1.9,0,0,0,0
2026-03-03,Erode,32.0,0,1,0,0,0
2026-03-03,Tiruppur,31.5,0.5,0,0,0,0
2026-03-03,Vellore,33.7,2.8,0,0,0,0
2026-03-03,Thoothukudi,33.8,4.5,0,0,0,0
2026-03-03,Dindigul,30.9,2.3,0,0,0,0
2026-03-04,Coimbatore,33.5,0,0,0,0,0
2026-03-04,Chennai,34.8,0,0,1,0,0
2026-03-04,Madurai,31.8,2.5,0,0,0,1
2026-03-04,Salem,32.8,0.8,0,0,0,0
2026-03-04,Tiruchirappalli,32.4,1.3,0,0,0,0
2026-03-04,Erode,31.5,1.3,0,0,0,0
2026-03-04,Tiruppur,33.2,2.2,1,0,0,0
2026-03-04,Vellore,34.7,4.9,0,0,0,0
2026-03-04,Thoothukudi,34.8,3.4,0,0,0,0
2026-03-04,Dindigul,35.1,0,0,1,0,0
2026-03-05,Coimbatore,28.8,4.4,0,0,0,0
2026-03-05,Chennai,35.5,8.7,0,1,0,0
2026-03-05,Madurai,34.9,0,0,0,0,0
2026-03-05,Salem,32.7,0.5,0,0,0,0
2026-03-05,Tiruchirappalli,31.6,2.5,0,0,0,0
2026-03-05,Erode,32.4,1.2,0,0,0,0
2026-03-05,Tiruppur,33.9,0.8,1,0,0,0
2026-03-05,Vellore,32.9,0,0,0,0,0
2026-03-05,Thoothukudi,34.1,0.5,0,0,0,0
2026-03-05,Dindigul,29.0,0,0,0,0,0
2026-03-06,Coimbatore,32.2,0.6,0,0,0,0
2026-03-06,Chennai,35.2,0.3,0,0,0,1
2026-03-06,Madurai,32.2,2.7,0,0,0,0
2026-03-06,Salem,35.2,0.7,0,0,0,0
2026-03-06,Tiruchirappalli,33.6,0,0,0,0,0
2026-03-06,Erode,32.5,5.4,0,0,0,0
2026-03-06,Tiruppur,31.7,0.1,0,0,0,0
2026-03-06,Vellore,32.4,0,0,0,0,0
2026-03-06,Thoothukudi,32.1,4.5,0,0,0,0
2026-03-06,Dindigul,31.9,0,0,0,0,0
2026-03-07,Coimbatore,30.9,0,0,0,1,0
2026-03-07,Chennai,34.1,0.3,0,0,1,0
2026-03-07,Madurai,33.1,1.3,0,0,1,0
2026-03-07,Salem,32.4,0.7,0,0,1,0
2026-03-07,Tiruchirappalli,31.3,7.4,0,0,1,0
2026-03-07,Erode,32.5,3.8,0,0,1,0
2026-03-07,Tiruppur,30.9,2.2,0,0,1,0
2026-03-07,Vellore,33.3,0,0,0,1,0
2026-03-07,Thoothukudi,34.2,0.6,0,0,1,0
2026-03-07,Dindigul,35.2,0,0,0,1,0
2026-03-08,Coimbatore,31.5,0,0,0,1,0
2026-03-08,Chennai,36.4,6.6,0,0,1,0
2026-03-08,Madurai,32.4,9.9,0,0,1,0
2026-03-08,Salem,30.5,0,0,0,1,0
2026-03-08,Tiruchirappalli,34.6,0.5,0,0,1,1
2026-03-08,Erode,29.9,0,0,1,1,0
2026-03-08,Tiruppur,33.4,0,0,0,1,0
2026-03-08,Vellore,32.0,7.8,0,0,1,0
2026-03-08,Thoothukudi,32.8,0.5,0,0,1,0
2026-03-08,Dindigul,30.5,0.1,0,0,1,0
2026-03-09,Coimbatore,33.0,7.3,0,0,0,0
2026-03-09,Chennai,35.1,0,0,0,0,0
2026-03-09,Madurai,34.5,8.7,0,0,0,0
2026-03-09,Salem,34.2,0,0,0,0,0
2026-03-09,Tiruchirappalli,32.1,1.1,0,0,0,1
2026-03-09,Erode,32.1,2.4,0,0,0,0
2026-03-09,Tiruppur,31.6,0.2,0,0,0,0
2026-03-09,Vellore,30.9,0.2,0,0,0,0
2026-03-09,Thoothukudi,35.2,0.3,0,0,0,0
2026-03-09,Dindigul,29.8,0,0,0,0,0
2026-03-10,Coimbatore,29.7,1.5,0,0,0,0
2026-03-10,Chennai,37.3,1.9,0,0,0,0
2026-03-10,Madurai,30.9,0,0,0,0,0
2026-03-10,Salem,30.1,0,0,0,0,0
2026-03-10,Tiruchirappalli,30.2,3.8,0,0,0,0
2026-03-10,Erode,32.1,0,0,0,0,0
2026-03-10,Tiruppur,28.5,0.4,0,0,0,0
2026-03-10,Vellore,33.7,4.5,0,0,0,0
2026-03-10,Thoothukudi,32.7,2.7,0,0,0,0
2026-03-10,Dindigul,31.7,0,0,0,0,0
2026-03-11,Coimbatore,31.6,2.6,0,0,0,0
2026-03-11,Chennai,34.8,2.0,0,0,0,0
2026-03-11,Madurai,34.1,0.2,0,0,0,0
2026-03-11,Salem,31.6,5.7,0,0,0,0
2026-03-11,Tiruchirappalli,32.7,0,0,0,0,0
2026-03-11,Erode,31.2,0,0,0,0,0
2026-03-11,Tiruppur,33.6,0.4,0,0,0,0
2026-03-11,Vellore,34.9,0.3,0,0,0,0
2026-03-11,Thoothukudi,35.0,1.4,0,1,0,0
2026-03-11,Dindigul,33.3,0.6,0,0,0,0
2026-03-12,Coimbatore,32.1,3.4,0,0,0,0
2026-03-12,Chennai,35.6,11.3,0,0,0,0
2026-03-12,Madurai,33.0,0,0,0,0,1
2026-03-12,Salem,32.3,5.8,0,0,0,1
2026-03-12,Tiruchirappalli,32.1,4.8,0,0,0,0
2026-03-12,Erode,33.0,2.8,0,0,0,1
2026-03-12,Tiruppur,32.7,4.0,0,0,0,0
2026-03-12,Vellore,34.3,3.1,0,0,0,0
2026-03-12,Thoothukudi,34.9,1.0,0,0,0,0
2026-03-12,Dindigul,30.7,0,0,0,0,0
2026-03-13,Coimbatore,29.2,0,0,0,0,0
2026-03-13,Chennai,34.9,1.2,0,0,0,0
2026-03-13,Madurai,34.1,1.1,0,0,0,0
2026-03-13,Salem,30.8,0.6,0,0,0,0
2026-03-13,Tiruchirappalli,32.9,0,0,0,0,0
2026-03-13,Erode,31.3,4.4,0,0,0,0
2026-03-13,Tiruppur,31.0,4.2,0,0,0,0
2026-03-13,Vellore,33.1,0,0,0,0,0
2026-03-13,Thoothukudi,34.2,1.3,0,0,0,0
2026-03-13,Dindigul,32.2,0,0,0,0,0
2026-03-14,Coimbatore,31.8,1.6,0,0,1,0
2026-03-14,Chennai,34.5,1.7,0,0,1,0
2026-03-14,Madurai,34.4,0,0,1,1,1
2026-03-14,Salem,32.2,7.1,0,0,1,0
2026-03-14,Tiruchirappalli,33.4,0,0,0,1,0
2026-03-14,Erode,30.0,1.0,0,0,1,0
2026-03-14,Tiruppur,31.2,1.5,1,0,1,0
2026-03-14,Vellore,32.5,1.1,0,0,1,0
2026-03-14,Thoothukudi,33.9,1.6,0,1,1,0
2026-03-14,Dindigul,30.7,5.7,0,0,1,0
2026-03-15,Coimbatore,29.6,0,0,0,1,0
2026-03-15,Chennai,36.7,0,0,0,1,0
2026-03-15,Madurai,34.5,0.7,0,0,1,0
2026-03-15,Salem,31.8,11.5,0,0,1,0
2026-03-15,Tiruchirappalli,34.7,4.6,0,0,1,0
2026-03-15,Erode,33.0,0,0,0,1,0
2026-03-15,Tiruppur,32.0,1.7,0,0,1,0
2026-03-15,Vellore,33.6,0.4,0,0,1,0
2026-03-15,Thoothukudi,34.2,0,0,0,1,0
2026-03-15,Dindigul,28.2,1.1,0,1,1,0
2026-03-16,Coimbatore,30.7,0,0,0,0,0
2026-03-16,Chennai,37.0,0.3,0,0,0,0
2026-03-16,Madurai,34.2,0,0,0,0,0
2026-03-16,Salem,31.5,2.3,0,0,0,0
2026-03-16,Tiruchirappalli,30.9,4.1,0,0,0,0
2026-03-16,Erode,34.0,4.1,0,0,0,0
2026-03-16,Tiruppur,30.3,8.9,0,0,0,0
2026-03-16,Vellore,33.6,0.7,0,1,0,0
2026-03-16,Thoothukudi,33.7,0.7,0,0,0,0
2026-03-16,Dindigul,29.6,1.4,0,0,0,0
2026-03-17,Coimbatore,31.1,0,0,0,0,0
2026-03-17,Chennai,36.4,1.0,0,0,0,0
2026-03-17,Madurai,33.1,11.8,0,0,0,0
2026-03-17,Salem,32.2,3.7,0,1,0,0
2026-03-17,Tiruchirappalli,33.8,0.5,0,0,0,0
2026-03-17,Erode,32.6,1.4,0,0,0,0
2026-03-17,Tiruppur,33.9,5.0,0,0,0,0
2026-03-17,Vellore,31.6,1.6,0,0,0,0
2026-03-17,Thoothukudi,34.7,0,0,0,0,0
2026-03-17,Dindigul,30.7,0.8,0,0,0,0
2026-03-18,Coimbatore,29.3,0,0,1,0,0
2026-03-18,Chennai,35.4,1.2,0,0,0,0
2026-03-18,Madurai,33.7,0.6,0,0,0,0
2026-03-18,Salem,31.1,0.2,0,0,0,0
2026-03-18,Tiruchirappalli,32.5,2.4,0,0,0,0
2026-03-18,Erode,34.2,2.8,0,0,0,0
2026-03-18,Tiruppur,33.4,0,0,0,0,0
2026-03-18,Vellore,34.5,0.5,0,0,0,0
2026-03-18,Thoothukudi,35.0,2.1,0,0,0,0
2026-03-18,Dindigul,32.7,0,0,0,0,0
2026-03-19,Coimbatore,34.1,1.2,0,0,0,0
2026-03-19,Chennai,36.2,11.8,0,0,0,0
2026-03-19,Madurai,33.4,4.2,0,0,0,0
2026-03-19,Salem,31.1,0,0,0,0,0
2026-03-19,Tiruchirappalli,34.9,0.6,0,0,0,0
2026-03-19,Erode,30.8,0.1,0,0,0,0
2026-03-19,Tiruppur,32.7,1.2,0,0,0,0
2026-03-19,Vellore,33.9,11.8,0,0,0,0
2026-03-19,Thoothukudi,32.7,1.6,0,0,0,0
2026-03-19,Dindigul,32.0,2.5,0,0,0,0
2026-03-20,Coimbatore,31.5,0.9,0,0,0,0
2026-03-20,Chennai,33.8,3.7,0,0,0,0
2026-03-20,Madurai,31.8,1.8,0,0,0,0
2026-03-20,Salem,30.4,0.3,0,0,0,0
2026-03-20,Tiruchirappalli,32.9,3.2,0,0,0,0
2026-03-20,Erode,32.2,0,0,0,0,0
2026-03-20,Tiruppur,32.7,2.6,0,0,0,0
2026-03-20,Vellore,34.4,0.1,0,0,0,0
2026-03-20,Thoothukudi,34.3,0,0,0,0,0
2026-03-20,Dindigul,32.4,3.8,0,0,0,0
2026-03-21,Coimbatore,31.2,0,0,0,1,0
2026-03-21,Chennai,33.4,5.1,0,0,1,0
2026-03-21,Madurai,30.9,4.5,0,0,1,0
2026-03-21,Salem,31.0,0,0,0,1,0
2026-03-21,Tiruchirappalli,33.0,0,0,0,1,0
2026-03-21,Erode,32.7,0.6,0,1,1,0
2026-03-21,Tiruppur,32.1,3.1,0,0,1,0
2026-03-21,Vellore,34.2,0,0,0,1,0
2026-03-21,Thoothukudi,32.7,7.4,0,0,1,0
2026-03-21,Dindigul,31.4,0,0,0,1,0
2026-03-22,Coimbatore,31.4,0,0,0,1,0
2026-03-22,Chennai,34.1,1.7,1,0,1,0
2026-03-22,Madurai,35.1,0,0,0,1,0
2026-03-22,Salem,30.7,2.5,0,0,1,0
2026-03-22,Tiruchirappalli,30.6,2.1,0,0,1,0
2026-03-22,Erode,33.4,0,0,0,1,0
2026-03-22,Tiruppur,30.5,0,0,0,1,0
2026-03-22,Vellore,35.0,4.1,0,0,1,0
2026-03-22,Thoothukudi,32.2,0,0,0,1,0
2026-03-22,Dindigul,33.1,3.1,0,0,1,0
2026-03-23,Coimbatore,32.5,0.5,0,0,0,0
2026-03-23,Chennai,37.4,0,0,1,0,0
2026-03-23,Madurai,33.6,0,0,0,0,0
2026-03-23,Salem,32.6,0,0,0,0,0
2026-03-23,Tiruchirappalli,33.8,0,0,0,0,0
2026-03-23,Erode,33.7,4.1,0,0,0,0
2026-03-23,Tiruppur,34.6,23.0,0,0,0,0
2026-03-23,Vellore,34.9,5.0,0,0,0,0
2026-03-23,Thoothukudi,34.8,2.8,0,0,0,0
2026-03-23,Dindigul,31.4,3.5,0,0,0,0
2026-03-24,Coimbatore,30.7,0,0,0,0,0
2026-03-24,Chennai,36.8,4.7,0,0,0,0
2026-03-24,Madurai,33.5,3.5,0,0,0,0
2026-03-24,Salem,32.6,0,0,0,0,0
2026-03-24,Tiruchirappalli,32.6,0.9,0,0,0,0
2026-03-24,Erode,32.4,2.6,0,0,0,0
2026-03-24,Tiruppur,33.1,3.1,0,0,0,0
2026-03-24,Vellore,35.8,1.2,0,0,0,0
2026-03-24,Thoothukudi,35.1,0,0,0,0,0
2026-03-24,Dindigul,30.7,0.4,0,0,0,0
2026-03-25,Coimbatore,30.9,0,0,0,0,0
2026-03-25,Chennai,36.0,4.1,0,0,0,0
2026-03-25,Madurai,34.4,0,0,0,0,0
2026-03-25,Salem,32.1,0,0,0,0,0
2026-03-25,Tiruchirappalli,31.6,0,0,0,0,0
2026-03-25,Erode,34.1,0,0,0,0,0
2026-03-25,Tiruppur,31.3,0,0,0,0,0
2026-03-25,Vellore,32.9,0.7,0,0,0,1
2026-03-25,Thoothukudi,34.7,2.8,0,0,0,0
2026-03-25,Dindigul,30.4,2.8,0,0,0,0
2026-03-26,Coimbatore,30.9,1.9,0,0,0,0
2026-03-26,Chennai,34.8,1.2,0,0,0,0
2026-03-26,Madurai,32.5,8.0,0,0,0,0
2026-03-26,Salem,31.2,0,0,0,0,0
2026-03-26,Tiruchirappalli,31.8,0,0,0,0,0
2026-03-26,Erode,31.6,0,0,0,0,0
2026-03-26,Tiruppur,30.7,1.4,0,0,0,0
2026-03-26,Vellore,34.0,0,0,0,0,0
2026-03-26,Thoothukudi,34.1,7.9,0,0,0,0
2026-03-26,Dindigul,33.6,4.1,0,0,0,0
2026-03-27,Coimbatore,30.0,0,0,0,0,0
2026-03-27,Chennai,36.7,5.1,1,0,0,0
2026-03-27,Madurai,33.8,0.5,0,0,0,0
2026-03-27,Salem,32.3,5.3,0,0,0,0
2026-03-27,Tiruchirappalli,34.5,1.2,0,0,0,0
2026-03-27,Erode,32.2,3.0,0,0,0,0
2026-03-27,Tiruppur,31.9,0.2,0,0,0,0
2026-03-27,Vellore,34.0,1.0,0,0,0,0
2026-03-27,Thoothukudi,34.3,2.1,0,0,0,0
2026-03-27,Dindigul,32.2,0.1,0,0,0,0
2026-03-28,Coimbatore,29.4,1.1,0,0,1,1
2026-03-28,Chennai,35.4,0,0,0,1,0
2026-03-28,Madurai,34.4,2.2,0,0,1,0
2026-03-28,Salem,32.7,0,1,0,1,0
2026-03-28,Tiruchirappalli,32.1,9.4,0,0,1,0
2026-03-28,Erode,32.1,0,0,0,1,0
2026-03-28,Tiruppur,32.3,2.4,0,0,1,0
2026-03-28,Vellore,34.1,1.3,0,0,1,0
2026-03-28,Thoothukudi,35.5,7.4,0,0,1,0
2026-03-28,Dindigul,32.9,0,0,0,1,0
2026-03-29,Coimbatore,31.5,1.6,0,0,1,0
2026-03-29,Chennai,36.5,0,0,0,1,0
2026-03-29,Madurai,31.7,5.6,0,0,1,0
2026-03-29,Salem,32.8,0,0,0,1,0
2026-03-29,Tiruchirappalli,33.9,0,0,0,1,0
2026-03-29,Erode,29.8,0,0,0,1,0
2026-03-29,Tiruppur,33.1,0,0,0,1,0
2026-03-29,Vellore,33.5,0,0,0,1,0
2026-03-29,Thoothukudi,36.4,0,0,0,1,0
2026-03-29,Dindigul,31.4,4.0,0,0,1,0
2026-03-30,Coimbatore,31.9,0,0,0,0,0
2026-03-30,Chennai,35.9,0,0,0,0,0
2026-03-30,Madurai,32.4,0,0,0,0,0
2026-03-30,Salem,32.7,2.7,0,0,0,0
2026-03-30,Tiruchirappalli,33.7,0,0,0,0,0
2026-03-30,Erode,30.7,0.5,0,0,0,0
2026-03-30,Tiruppur,30.9,0,1,0,0,0
2026-03-30,Vellore,33.5,4.6,0,0,0,0
2026-03-30,Thoothukudi,35.1,0.2,0,0,0,0
2026-03-30,Dindigul,34.1,2.7,0,0,0,0
2026-03-31,Coimbatore,30.3,0,0,0,0,0
2026-03-31,Chennai,36.5,4.9,0,0,0,0
2026-03-31,Madurai,34.7,0.4,0,0,0,0
2026-03-31,Salem,32.6,0.5,0,0,0,0
2026-03-31,Tiruchirappalli,32.6,0,0,0,0,0
2026-03-31,Erode,33.3,0,0,0,0,0
2026-03-31,Tiruppur,31.3,1.4,0,0,0,0
2026-03-31,Vellore,34.1,0,0,0,0,0
2026-03-31,Thoothukudi,32.1,5.5,0,0,0,0
2026-03-31,Dindigul,33.4,1.1,0,0,0,1
2026-04-01,Coimbatore,30.2,1.3,0,0,0,1
2026-04-01,Chennai,35.1,0,0,0,0,0
2026-04-01,Madurai,32.2,3.4,0,0,0,0
2026-04-01,Salem,31.8,1.6,0,0,0,0
2026-04-01,Tiruchirappalli,32.6,1.0,0,0,0,0
2026-04-01,Erode,32.4,0,0,0,0,1
2026-04-01,Tiruppur,33.9,5.0,0,0,0,0
2026-04-01,Vellore,35.1,1.5,0,0,0,0
2026-04-01,Thoothukudi,34.4,6.2,0,0,0,0
2026-04-01,Dindigul,31.7,7.5,0,0,0,0
2026-04-02,Coimbatore,30.5,0.9,0,0,0,0
2026-04-02,Chennai,35.1,4.7,0,0,0,0
2026-04-02,Madurai,32.7,1.7,0,0,0,0
2026-04-02,Salem,31.6,0,0,0,0,0
2026-04-02,Tiruchirappalli,33.8,0,0,0,0,0
2026-04-02,Erode,30.6,0,0,0,0,0
2026-04-02,Tiruppur,29.1,6.6,0,0,0,0
2026-04-02,Vellore,34.8,3.4,0,0,0,1
2026-04-02,Thoothukudi,33.0,1.9,0,0,0,0
2026-04-02,Dindigul,34.0,2.6,0,1,0,0
2026-04-03,Coimbatore,33.4,3.8,1,0,0,0
2026-04-03,Chennai,36.3,2.4,0,0,0,0
2026-04-03,Madurai,32.4,0,0,0,0,0
2026-04-03,Salem,32.7,2.0,0,0,0,0
2026-04-03,Tiruchirappalli,33.6,2.9,0,0,0,0
2026-04-03,Erode,34.4,1.7,0,0,0,0
2026-04-03,Tiruppur,33.2,0.9,0,0,0,0
2026-04-03,Vellore,31.9,0,0,1,0,0
2026-04-03,Thoothukudi,33.7,0,0,0,0,0
2026-04-03,Dindigul,31.1,1.1,0,0,0,0
2026-04-04,Coimbatore,32.7,1.8,0,0,1,0
2026-04-04,Chennai,34.9,2.8,0,0,1,0
2026-04-04,Madurai,34.8,4.6,0,0,1,0
2026-04-04,Salem,30.6,1.6,0,0,1,1
2026-04-04,Tiruchirappalli,33.7,0,0,0,1,0
2026-04-04,Erode,31.7,2.6,0,0,1,0
2026-04-04,Tiruppur,30.2,5.2,0,0,1,0
2026-04-04,Vellore,34.2,0,0,0,1,0
2026-04-04,Thoothukudi,35.3,0,0,0,1,0
2026-04-04,Dindigul,33.9,2.2,0,0,1,0
2026-04-05,Coimbatore,29.5,0,0,0,1,0
2026-04-05,Chennai,37.0,0.3,0,0,1,0
2026-04-05,Madurai,34.4,0,0,0,1,0
2026-04-05,Salem,32.8,3.8,0,0,1,0
2026-04-05,Tiruchirappalli,33.8,0.8,0,0,1,0
2026-04-05,Erode,31.8,1.0,0,0,1,0
2026-04-05,Tiruppur,31.8,0,0,0,1,0
2026-04-05,Vellore,34.3,3.3,0,0,1,0
2026-04-05,Thoothukudi,36.2,5.4,0,0,1,0
2026-04-05,Dindigul,34.6,1.9,0,0,1,0
2026-04-06,Coimbatore,32.8,9.8,0,0,0,0
2026-04-06,Chennai,34.9,2.8,0,0,0,0
2026-04-06,Madurai,31.7,0.6,0,0,0,0
2026-04-06,Salem,32.7,3.3,0,0,0,0
2026-04-06,Tiruchirappalli,34.1,0.9,0,0,0,0
2026-04-06,Erode,31.6,0,0,0,0,0
2026-04-06,Tiruppur,33.9,1.1,0,0,0,0
2026-04-06,Vellore,31.8,5.1,0,0,0,1
2026-04-06,Thoothukudi,36.2,2.4,0,0,0,0
2026-04-06,Dindigul,30.7,3.0,0,1,0,0
2026-04-07,Coimbatore,30.3,4.8,0,0,0,0
2026-04-07,Chennai,36.1,8.3,0,0,0,0
2026-04-07,Madurai,34.6,0,1,0,0,0
2026-04-07,Salem,36.0,1.8,0,0,0,0
2026-04-07,Tiruchirappalli,31.5,1.5,0,0,0,0
2026-04-07,Erode,33.5,0,0,0,0,0
2026-04-07,Tiruppur,31.8,0,1,0,0,0
2026-04-07,Vellore,33.3,0,0,0,0,0
2026-04-07,Thoothukudi,35.3,0.7,0,0,0,0
2026-04-07,Dindigul,32.3,0,0,0,0,0
2026-04-08,Coimbatore,31.8,4.1,0,1,0,0
2026-04-08,Chennai,37.0,0.8,0,0,0,0
2026-04-08,Madurai,32.8,0.6,0,0,0,0
2026-04-08,Salem,32.4,2.1,0,0,0,0
2026-04-08,Tiruchirappalli,32.7,0,0,0,0,0
2026-04-08,Erode,31.6,0,0,0,0,0
2026-04-08,Tiruppur,31.3,0.4,0,0,0,0
2026-04-08,Vellore,31.3,0,0,0,0,0
2026-04-08,Thoothukudi,32.9,0,0,0,0,0
2026-04-08,Dindigul,31.5,0,0,0,0,0
2026-04-09,Coimbatore,30.9,1.6,0,0,0,0
2026-04-09,Chennai,35.0,2.1,0,0,0,0
2026-04-09,Madurai,33.4,0,0,0,0,0
2026-04-09,Salem,33.7,2.0,0,0,0,0
2026-04-09,Tiruchirappalli,33.2,18.2,0,0,0,0
2026-04-09,Erode,30.6,3.9,0,0,0,0
2026-04-09,Tiruppur,31.9,0,0,0,0,0
2026-04-09,Vellore,31.9,10.3,0,0,0,0
2026-04-09,Thoothukudi,35.5,0.1,0,0,0,0
2026-04-09,Dindigul,33.0,0.4,0,0,0,0
2026-04-10,Coimbatore,32.6,9.3,0,0,0,0
2026-04-10,Chennai,35.4,6.4,0,0,0,0
2026-04-10,Madurai,33.4,0.4,0,0,0,0
2026-04-10,Salem,33.3,8.4,0,0,0,0
2026-04-10,Tiruchirappalli,32.6,1.9,0,0,0,0
2026-04-10,Erode,30.8,13.5,0,0,0,0
2026-04-10,Tiruppur,31.8,4.3,0,0,0,0
2026-04-10,Vellore,31.8,2.0,0,0,0,0
2026-04-10,Thoothukudi,33.7,0,0,0,0,0
2026-04-10,Dindigul,32.5,0.6,0,0,0,0
2026-04-11,Coimbatore,30.0,1.8,0,0,1,0
2026-04-11,Chennai,34.8,6.1,0,0,1,1
2026-04-11,Madurai,35.0,1.7,0,0,1,0
2026-04-11,Salem,32.6,0,0,0,1,0
2026-04-11,Tiruchirappalli,33.5,0.3,0,0,1,0
2026-04-11,Erode,32.8,2.3,0,0,1,0
2026-04-11,Tiruppur,31.1,2.6,0,0,1,0
2026-04-11,Vellore,32.5,0.4,0,0,1,0
2026-04-11,Thoothukudi,33.2,0,0,0,1,0
2026-04-11,Dindigul,31.9,4.5,0,0,1,0
2026-04-12,Coimbatore,30.7,2.6,0,0,1,0
2026-04-12,Chennai,38.0,0,0,0,1,0
2026-04-12,Madurai,35.3,0,0,1,1,0
2026-04-12,Salem,30.5,3.9,0,0,1,0
2026-04-12,Tiruchirappalli,33.2,0,0,0,1,0
2026-04-12,Erode,32.5,9.5,0,0,1,0
2026-04-12,Tiruppur,31.9,0.1,0,0,1,0
2026-04-12,Vellore,33.8,0,0,0,1,0
2026-04-12,Thoothukudi,33.9,0,0,0,1,0
2026-04-12,Dindigul,33.8,0,0,0,1,0
2026-04-13,Coimbatore,30.5,3.8,0,0,0,0
2026-04-13,Chennai,36.4,1.4,0,0,0,0
2026-04-13,Madurai,33.6,6.7,0,1,0,0
2026-04-13,Salem,31.0,0,0,0,0,0
2026-04-13,Tiruchirappalli,33.1,1.9,0,0,0,0
2026-04-13,Erode,33.3,0,0,0,0,0
2026-04-13,Tiruppur,33.1,0,0,0,0,0
2026-04-13,Vellore,33.9,2.9,0,0,0,0
2026-04-13,Thoothukudi,35.6,0,0,0,0,0
2026-04-13,Dindigul,30.3,0,0,0,0,0
2026-04-14,Coimbatore,30.9,0,0,0,0,0
2026-04-14,Chennai,33.9,2.1,0,0,0,0
2026-04-14,Madurai,31.9,0.9,0,0,0,0
2026-04-14,Salem,32.6,0.6,0,0,0,0
2026-04-14,Tiruchirappalli,30.8,4.2,0,0,0,0
2026-04-14,Erode,33.5,0,0,0,0,0
2026-04-14,Tiruppur,34.2,0.4,0,0,0,0
2026-04-14,Vellore,34.2,0,0,0,0,0
2026-04-14,Thoothukudi,33.6,0,0,0,0,0
2026-04-14,Dindigul,29.5,2.2,0,0,0,0
2026-04-15,Coimbatore,30.7,0.9,0,0,0,0
2026-04-15,Chennai,33.0,0,0,1,0,1
2026-04-15,Madurai,36.0,1.5,0,0,0,0
2026-04-15,Salem,30.6,6.5,0,0,0,0
2026-04-15,Tiruchirappalli,31.8,10.9,0,0,0,0
2026-04-15,Erode,33.5,0,0,0,0,0
2026-04-15,Tiruppur,30.7,2.6,0,0,0,0
2026-04-15,Vellore,34.1,0,0,0,0,0
2026-04-15,Thoothukudi,37.6,1.5,0,0,0,0
2026-04-15,Dindigul,31.0,1.3,0,0,0,0
2026-04-16,Coimbatore,31.1,3.1,0,0,0,0
2026-04-16,Chennai,35.3,2.6,0,0,0,0
2026-04-16,Madurai,32.9,10.7,0,0,0,0
2026-04-16,Salem,30.1,3.4,0,0,0,0
2026-04-16,Tiruchirappalli,34.3,0,0,0,0,0
2026-04-16,Erode,29.6,0.3,0,0,0,0
2026-04-16,Tiruppur,31.1,5.2,0,0,0,0
2026-04-16,Vellore,33.3,0,0,0,0,0
2026-04-16,Thoothukudi,33.8,3.0,0,0,0,0
2026-04-16,Dindigul,32.5,2.6,0,0,0,1
2026-04-17,Coimbatore,29.0,0.2,0,0,0,0
2026-04-17,Chennai,35.8,11.3,0,0,0,0
2026-04-17,Madurai,30.2,0,0,0,0,0
2026-04-17,Salem,32.1,1.3,0,0,0,0
2026-04-17,Tiruchirappalli,32.4,1.6,0,0,0,0
2026-04-17,Erode,32.7,0,0,0,0,0
2026-04-17,Tiruppur,31.1,1.8,0,0,0,0
2026-04-17,Vellore,30.5,5.8,0,0,0,0
2026-04-17,Thoothukudi,34.9,6.1,0,0,0,0
2026-04-17,Dindigul,31.3,0.4,0,0,0,0
2026-04-18,Coimbatore,33.6,0,0,0,1,0
2026-04-18,Chennai,35.2,0,0,0,1,0
2026-04-18,Madurai,33.8,0.3,0,0,1,0
2026-04-18,Salem,30.3,0.4,0,0,1,0
2026-04-18,Tiruchirappalli,30.9,2.1,0,0,1,1
2026-04-18,Erode,32.8,0.4,0,0,1,0
2026-04-18,Tiruppur,32.2,3.6,0,0,1,0
2026-04-18,Vellore,35.3,0,0,0,1,0
2026-04-18,Thoothukudi,33.4,10.2,0,0,1,0
2026-04-18,Dindigul,31.5,1.9,0,0,1,0
2026-04-19,Coimbatore,32.9,1.5,0,0,1,0
2026-04-19,Chennai,36.3,0.5,0,0,1,0
2026-04-19,Madurai,33.3,6.2,0,0,1,0
2026-04-19,Salem,32.7,0,0,0,1,0
2026-04-19,Tiruchirappalli,32.7,2.5,1,0,1,0
2026-04-19,Erode,34.1,0,0,0,1,0
2026-04-19,Tiruppur,31.7,3.1,0,0,1,0
2026-04-19,Vellore,33.5,0.3,0,0,1,0
2026-04-19,Thoothukudi,33.4,2.2,0,0,1,0
2026-04-19,Dindigul,32.4,0,0,0,1,0
2026-04-20,Coimbatore,31.9,0,0,0,0,0
2026-04-20,Chennai,34.9,0.3,0,0,0,0
2026-04-20,Madurai,33.9,1.9,0,0,0,0
2026-04-20,Salem,30.8,0.5,0,0,0,0
2026-04-20,Tiruchirappalli,34.2,9.0,0,0,0,0
2026-04-20,Erode,31.9,0,0,0,0,0
2026-04-20,Tiruppur,31.7,3.8,0,0,0,0
2026-04-20,Vellore,33.5,0,0,0,0,0
2026-04-20,Thoothukudi,34.4,0.1,0,0,0,0
2026-04-20,Dindigul,31.0,5.0,0,0,0,0
2026-04-21,Coimbatore,29.1,0,0,0,0,0
2026-04-21,Chennai,35.8,2.7,0,0,0,0
2026-04-21,Madurai,33.0,0,0,0,0,0
2026-04-21,Salem,31.9,2.5,0,0,0,0
2026-04-21,Tiruchirappalli,33.4,3.3,0,0,0,0
2026-04-21,Erode,31.6,0.8,0,0,0,0
2026-04-21,Tiruppur,30.7,3.5,0,0,0,0
2026-04-21,Vellore,32.3,0.2,0,0,0,0
2026-04-21,Thoothukudi,35.2,0,0,0,0,0
2026-04-21,Dindigul,33.6,2.1,0,0,0,0
2026-04-22,Coimbatore,31.1,0.7,0,0,0,0
2026-04-22,Chennai,33.8,0,0,0,0,0
2026-04-22,Madurai,35.3,0,0,0,0,0
2026-04-22,Salem,30.1,3.9,0,0,0,0
2026-04-22,Tiruchirappalli,32.4,3.2,0,0,0,0
2026-04-22,Erode,30.4,0,0,0,0,0
2026-04-22,Tiruppur,32.5,4.9,0,0,0,0
2026-04-22,Vellore,31.9,0.3,0,0,0,0
2026-04-22,Thoothukudi,36.1,0,0,0,0,0
2026-04-22,Dindigul,33.0,10.3,0,0,0,0
2026-04-23,Coimbatore,30.9,0,0,0,0,0
2026-04-23,Chennai,33.3,0,0,1,0,0
2026-04-23,Madurai,34.8,1.7,0,0,0,0
2026-04-23,Salem,32.0,2.5,0,0,0,0
2026-04-23,Tiruchirappalli,34.7,2.0,0,0,0,0
2026-04-23,Erode,31.1,0,0,0,0,0
2026-04-23,Tiruppur,32.6,0.1,0,0,0,0
2026-04-23,Vellore,34.5,2.6,0,0,0,0
2026-04-23,Thoothukudi,35.5,9.2,0,0,0,0
2026-04-23,Dindigul,32.7,9.9,0,1,0,1
2026-04-24,Coimbatore,32.5,0,0,0,0,0
2026-04-24,Chennai,33.9,3.8,0,0,0,0
2026-04-24,Madurai,32.2,3.6,0,0,0,0
2026-04-24,Salem,32.1,0,0,0,0,0
2026-04-24,Tiruchirappalli,32.4,0.1,0,0,0,0
2026-04-24,Erode,29.6,0.6,0,0,0,0
2026-04-24,Tiruppur,31.4,0,1,0,0,0
2026-04-24,Vellore,35.8,0,0,0,0,0
2026-04-24,Thoothukudi,33.1,1.7,0,0,0,0
2026-04-24,Dindigul,33.0,0,0,0,0,0
2026-04-25,Coimbatore,31.3,5.3,0,0,1,0
2026-04-25,Chennai,35.8,0,0,0,1,0
2026-04-25,Madurai,35.7,1.8,0,0,1,0
2026-04-25,Salem,32.6,5.3,0,0,1,0
2026-04-25,Tiruchirappalli,32.6,1.9,0,0,1,0
2026-04-25,Erode,31.1,0,0,0,1,1
2026-04-25,Tiruppur,33.3,9.6,0,0,1,0
2026-04-25,Vellore,32.1,5.9,0,0,1,0
2026-04-25,Thoothukudi,31.7,3.6,0,0,1,0
2026-04-25,Dindigul,32.1,3.4,0,0,1,0
2026-04-26,Coimbatore,33.2,0,0,0,1,0
2026-04-26,Chennai,34.0,7.0,0,0,1,0
2026-04-26,Madurai,33.3,0.3,0,0,1,0
2026-04-26,Salem,31.8,3.0,0,0,1,0
2026-04-26,Tiruchirappalli,32.9,0,1,0,1,0
2026-04-26,Erode,30.2,8.0,0,0,1,0
2026-04-26,Tiruppur,31.4,0,0,0,1,0
2026-04-26,Vellore,35.1,0,0,0,1,0
2026-04-26,Thoothukudi,35.6,9.2,0,0,1,0
2026-04-26,Dindigul,30.5,0,0,0,1,0
2026-04-27,Coimbatore,30.7,1.8,0,0,0,0
2026-04-27,Chennai,33.9,5.2,0,0,0,0
2026-04-27,Madurai,34.3,9.8,0,0,0,0
2026-04-27,Salem,31.7,0,0,0,0,0
2026-04-27,Tiruchirappalli,30.5,0.2,0,0,0,0
2026-04-27,Erode,32.8,16.8,0,0,0,0
2026-04-27,Tiruppur,30.9,1.7,0,0,0,0
2026-04-27,Vellore,32.0,3.4,0,0,0,0
2026-04-27,Thoothukudi,32.6,1.1,0,0,0,0
2026-04-27,Dindigul,30.9,0,0,0,0,0
2026-04-28,Coimbatore,29.8,8.5,0,0,0,1
2026-04-28,Chennai,35.9,0,0,0,0,0
2026-04-28,Madurai,36.0,2.8,0,0,0,0
2026-04-28,Salem,34.0,0.2,0,0,0,0
2026-04-28,Tiruchirappalli,32.5,0,0,0,0,0
2026-04-28,Erode,33.8,7.5,0,0,0,0
2026-04-28,Tiruppur,30.9,3.5,0,0,0,0
2026-04-28,Vellore,33.0,1.8,0,0,0,0
2026-04-28,Thoothukudi,32.9,0,0,0,0,0
2026-04-28,Dindigul,31.5,0,0,0,0,0
2026-04-29,Coimbatore,31.2,0,0,0,0,0
2026-04-29,Chennai,33.0,0.5,0,0,0,0
2026-04-29,Madurai,34.4,0,0,0,0,0
2026-04-29,Salem,34.2,1.6,0,0,0,0
2026-04-29,Tiruchirappalli,33.3,0.9,0,0,0,0
2026-04-29,Erode,30.6,0,0,0,0,0
2026-04-29,Tiruppur,33.6,0.4,0,0,0,0
2026-04-29,Vellore,31.9,0,1,0,0,0
2026-04-29,Thoothukudi,35.0,6.0,0,0,0,0
2026-04-29,Dindigul,33.1,0,0,0,0,0
2026-04-30,Coimbatore,31.3,0,0,0,0,0
2026-04-30,Chennai,33.1,0,0,0,0,0
2026-04-30,Madurai,32.9,0,0,0,0,0
2026-04-30,Salem,32.3,7.9,0,0,0,0
2026-04-30,Tiruchirappalli,32.6,0,0,0,0,0
2026-04-30,Erode,32.8,3.0,0,0,0,0
2026-04-30,Tiruppur,32.4,0,0,0,0,0
2026-04-30,Vellore,33.7,1.7,0,0,0,1
2026-04-30,Thoothukudi,34.8,0,0,0,0,0
2026-04-30,Dindigul,31.1,0,0,0,0,0
