store_id,city,store_type,floor_area_sqft,avg_daily_customers,region
S001,Vellore,Supermarket,10075,1242,North
S002,Tiruchirappalli,Hypermarket,11448,1569,Central
S003,Dindigul,Express,9903,1570,South
S004,Thoothukudi,Hypermarket,11532,1292,South
S005,Tiruppur,Supermarket,21245,2713,West
S006,Coimbatore,Express,3547,570,West
S007,Tiruppur,Express,13576,1470,West
S008,Thoothukudi,Express,17256,2404,South
S009,Coimbatore,Express,8165,1281,West
S010,Chennai,Supermarket,11084,1904,North
S011,Thoothukudi,Supermarket,15705,2146,South
S012,Chennai,Hypermarket,20061,2220,North
S013,Tiruppur,Supermarket,5540,746,West
S014,Madurai,Supermarket,12052,2025,South
S015,Tiruppur,Hypermarket,14190,1780,West
S016,Tiruchirappalli,Supermarket,10142,1124,Central
S017,Dindigul,Supermarket,6962,787,South
S018,Vellore,Supermarket,7456,1065,North
S019,Salem,Supermarket,18682,2264,Central
S020,Chennai,Supermarket,13468,2237,North
S021,Dindigul,Supermarket,14241,1593,South
S022,Salem,Express,16484,2325,Central
S023,Tiruchirappalli,Supermarket,9197,942,Central
S024,Tiruppur,Express,21717,3471,West
S025,Salem,Supermarket,6839,1123,Central
S026,Madurai,Supermarket,5520,918,South
S027,Salem,Supermarket,16626,2157,Central
S028,Chennai,Hypermarket,11981,2077,North
S029,Chennai,Supermarket,5612,649,North
S030,Vellore,Express,6513,1122,North
